"filename", "language", "MSBuild", "C#", "CSS", "EditorConfig", "JSON", "HTML", "XML", "JavaScript", "SQL", "HTTP", "Solution File", "Log", "comment", "blank", "total"
"c:\Users\Tautvydas\Desktop\Auction-master\Auction-master\Aukcionas\Aukcionas\.embold\vscode-logs.log", "Log", 0, 0, 0, 0, 0, 0, 0, 0, 0, 0, 0, -14, 0, -2, -16
"c:\Users\Tautvydas\Desktop\Auction-master\Auction-master\Aukcionas\Aukcionas\Aukcionas.csproj", "MSBuild", -31, 0, 0, 0, 0, 0, 0, 0, 0, 0, 0, 0, 0, -4, -35
"c:\Users\Tautvydas\Desktop\Auction-master\Auction-master\Aukcionas\Aukcionas\Aukcionas.http", "HTTP", 0, 0, 0, 0, 0, 0, 0, 0, 0, -3, 0, 0, -1, -3, -7
"c:\Users\Tautvydas\Desktop\Auction-master\Auction-master\Aukcionas\Aukcionas\Aukcionas.sln", "Solution File", 0, 0, 0, 0, 0, 0, 0, 0, 0, 0, -24, 0, 0, -2, -26
"c:\Users\Tautvydas\Desktop\Auction-master\Auction-master\Aukcionas\Aukcionas\Auth\JwtTokenService.cs", "C#", 0, -42, 0, 0, 0, 0, 0, 0, 0, 0, 0, 0, -1, -4, -47
"c:\Users\Tautvydas\Desktop\Auction-master\Auction-master\Aukcionas\Aukcionas\Auth\Model\AuthDtos.cs", "C#", 0, -8, 0, 0, 0, 0, 0, 0, 0, 0, 0, 0, 0, -5, -13
"c:\Users\Tautvydas\Desktop\Auction-master\Auction-master\Aukcionas\Aukcionas\Auth\Model\ForumRestUser.cs", "C#", 0, -40, 0, 0, 0, 0, 0, 0, 0, 0, 0, 0, 0, -3, -43
"c:\Users\Tautvydas\Desktop\Auction-master\Auction-master\Aukcionas\Aukcionas\Auth\Model\ForumRoles.cs", "C#", 0, -9, 0, 0, 0, 0, 0, 0, 0, 0, 0, 0, 0, -2, -11
"c:\Users\Tautvydas\Desktop\Auction-master\Auction-master\Aukcionas\Aukcionas\Auth\Model\IUserOwnedResource.cs", "C#", 0, -7, 0, 0, 0, 0, 0, 0, 0, 0, 0, 0, 0, -1, -8
"c:\Users\Tautvydas\Desktop\Auction-master\Auction-master\Aukcionas\Aukcionas\Auth\Model\PolicyNames.cs", "C#", 0, -7, 0, 0, 0, 0, 0, 0, 0, 0, 0, 0, 0, -1, -8
"c:\Users\Tautvydas\Desktop\Auction-master\Auction-master\Aukcionas\Aukcionas\Auth\Model\ResetPasswordDto.cs", "C#", 0, -10, 0, 0, 0, 0, 0, 0, 0, 0, 0, 0, 0, -1, -11
"c:\Users\Tautvydas\Desktop\Auction-master\Auction-master\Aukcionas\Aukcionas\Auth\ResourceOwnerAuthorizationHandler.cs", "C#", 0, -19, 0, 0, 0, 0, 0, 0, 0, 0, 0, 0, 0, -2, -21
"c:\Users\Tautvydas\Desktop\Auction-master\Auction-master\Aukcionas\Aukcionas\Controllers\AdminController.cs", "C#", 0, -133, 0, 0, 0, 0, 0, 0, 0, 0, 0, 0, 0, -10, -143
"c:\Users\Tautvydas\Desktop\Auction-master\Auction-master\Aukcionas\Aukcionas\Controllers\AuctionController.cs", "C#", 0, -482, 0, 0, 0, 0, 0, 0, 0, 0, 0, 0, -3, -48, -533
"c:\Users\Tautvydas\Desktop\Auction-master\Auction-master\Aukcionas\Aukcionas\Controllers\AuthController.cs", "C#", 0, -337, 0, 0, 0, 0, 0, 0, 0, 0, 0, 0, -2, -28, -367
"c:\Users\Tautvydas\Desktop\Auction-master\Auction-master\Aukcionas\Aukcionas\Controllers\ChatController.cs", "C#", 0, -158, 0, 0, 0, 0, 0, 0, 0, 0, 0, 0, 0, -16, -174
"c:\Users\Tautvydas\Desktop\Auction-master\Auction-master\Aukcionas\Aukcionas\Controllers\LivestreamController.cs", "C#", 0, -77, 0, 0, 0, 0, 0, 0, 0, 0, 0, 0, -1, -8, -86
"c:\Users\Tautvydas\Desktop\Auction-master\Auction-master\Aukcionas\Aukcionas\Controllers\PaymentController.cs", "C#", 0, -274, 0, 0, 0, 0, 0, 0, 0, 0, 0, 0, 0, -22, -296
"c:\Users\Tautvydas\Desktop\Auction-master\Auction-master\Aukcionas\Aukcionas\Controllers\ReportController.cs", "C#", 0, -152, 0, 0, 0, 0, 0, 0, 0, 0, 0, 0, 0, -18, -170
"c:\Users\Tautvydas\Desktop\Auction-master\Auction-master\Aukcionas\Aukcionas\Data\AuthDbSeeder.cs", "C#", 0, -46, 0, 0, 0, 0, 0, 0, 0, 0, 0, 0, 0, -7, -53
"c:\Users\Tautvydas\Desktop\Auction-master\Auction-master\Aukcionas\Aukcionas\Data\DataContext.cs", "C#", 0, -19, 0, 0, 0, 0, 0, 0, 0, 0, 0, 0, 0, -4, -23
"c:\Users\Tautvydas\Desktop\Auction-master\Auction-master\Aukcionas\Aukcionas\Data\dbtrigger.sql", "SQL", 0, 0, 0, 0, 0, 0, 0, 0, -29, 0, 0, 0, -22, -6, -57
"c:\Users\Tautvydas\Desktop\Auction-master\Auction-master\Aukcionas\Aukcionas\Migrations\20240303113743_UserInfo.Designer.cs", "C#", 0, -304, 0, 0, 0, 0, 0, 0, 0, 0, 0, 0, -2, -107, -413
"c:\Users\Tautvydas\Desktop\Auction-master\Auction-master\Aukcionas\Aukcionas\Migrations\20240303113743_UserInfo.cs", "C#", 0, -245, 0, 0, 0, 0, 0, 0, 0, 0, 0, 0, -3, -25, -273
"c:\Users\Tautvydas\Desktop\Auction-master\Auction-master\Aukcionas\Aukcionas\Migrations\20240303114439_Init.Designer.cs", "C#", 0, -304, 0, 0, 0, 0, 0, 0, 0, 0, 0, 0, -2, -107, -413
"c:\Users\Tautvydas\Desktop\Auction-master\Auction-master\Aukcionas\Aukcionas\Migrations\20240303114439_Init.cs", "C#", 0, -14, 0, 0, 0, 0, 0, 0, 0, 0, 0, 0, -3, -6, -23
"c:\Users\Tautvydas\Desktop\Auction-master\Auction-master\Aukcionas\Aukcionas\Migrations\20240303170547_PasswordReset.Designer.cs", "C#", 0, -308, 0, 0, 0, 0, 0, 0, 0, 0, 0, 0, -2, -109, -419
"c:\Users\Tautvydas\Desktop\Auction-master\Auction-master\Aukcionas\Aukcionas\Migrations\20240303170547_PasswordReset.cs", "C#", 0, -32, 0, 0, 0, 0, 0, 0, 0, 0, 0, 0, -3, -6, -41
"c:\Users\Tautvydas\Desktop\Auction-master\Auction-master\Aukcionas\Aukcionas\Migrations\20240309104956_EmailConfirm.Designer.cs", "C#", 0, -313, 0, 0, 0, 0, 0, 0, 0, 0, 0, 0, -2, -111, -426
"c:\Users\Tautvydas\Desktop\Auction-master\Auction-master\Aukcionas\Aukcionas\Migrations\20240309104956_EmailConfirm.cs", "C#", 0, -32, 0, 0, 0, 0, 0, 0, 0, 0, 0, 0, -3, -6, -41
"c:\Users\Tautvydas\Desktop\Auction-master\Auction-master\Aukcionas\Aukcionas\Migrations\20240309110353_EmailConfirmfix.Designer.cs", "C#", 0, -313, 0, 0, 0, 0, 0, 0, 0, 0, 0, 0, -2, -111, -426
"c:\Users\Tautvydas\Desktop\Auction-master\Auction-master\Aukcionas\Aukcionas\Migrations\20240309110353_EmailConfirmfix.cs", "C#", 0, -31, 0, 0, 0, 0, 0, 0, 0, 0, 0, 0, -3, -4, -38
"c:\Users\Tautvydas\Desktop\Auction-master\Auction-master\Aukcionas\Aukcionas\Migrations\20240309110724_EmailConfirmfixv2.Designer.cs", "C#", 0, -312, 0, 0, 0, 0, 0, 0, 0, 0, 0, 0, -2, -111, -425
"c:\Users\Tautvydas\Desktop\Auction-master\Auction-master\Aukcionas\Aukcionas\Migrations\20240309110724_EmailConfirmfixv2.cs", "C#", 0, -30, 0, 0, 0, 0, 0, 0, 0, 0, 0, 0, -3, -4, -37
"c:\Users\Tautvydas\Desktop\Auction-master\Auction-master\Aukcionas\Aukcionas\Migrations\20240309141517_auctionLikes.Designer.cs", "C#", 0, -315, 0, 0, 0, 0, 0, 0, 0, 0, 0, 0, -2, -112, -429
"c:\Users\Tautvydas\Desktop\Auction-master\Auction-master\Aukcionas\Aukcionas\Migrations\20240309141517_auctionLikes.cs", "C#", 0, -22, 0, 0, 0, 0, 0, 0, 0, 0, 0, 0, -3, -4, -29
"c:\Users\Tautvydas\Desktop\Auction-master\Auction-master\Aukcionas\Aukcionas\Migrations\20240309164102_auctionComments.Designer.cs", "C#", 0, -350, 0, 0, 0, 0, 0, 0, 0, 0, 0, 0, -2, -124, -476
"c:\Users\Tautvydas\Desktop\Auction-master\Auction-master\Aukcionas\Aukcionas\Migrations\20240309164102_auctionComments.cs", "C#", 0, -42, 0, 0, 0, 0, 0, 0, 0, 0, 0, 0, -3, -5, -50
"c:\Users\Tautvydas\Desktop\Auction-master\Auction-master\Aukcionas\Aukcionas\Migrations\20240309182852_auctionCommentsv2.Designer.cs", "C#", 0, -350, 0, 0, 0, 0, 0, 0, 0, 0, 0, 0, -2, -124, -476
"c:\Users\Tautvydas\Desktop\Auction-master\Auction-master\Aukcionas\Aukcionas\Migrations\20240309182852_auctionCommentsv2.cs", "C#", 0, -62, 0, 0, 0, 0, 0, 0, 0, 0, 0, 0, -3, -14, -79
"c:\Users\Tautvydas\Desktop\Auction-master\Auction-master\Aukcionas\Aukcionas\Migrations\20240309185752_auctionCommentsv3.Designer.cs", "C#", 0, -350, 0, 0, 0, 0, 0, 0, 0, 0, 0, 0, -2, -124, -476
"c:\Users\Tautvydas\Desktop\Auction-master\Auction-master\Aukcionas\Aukcionas\Migrations\20240309185752_auctionCommentsv3.cs", "C#", 0, -14, 0, 0, 0, 0, 0, 0, 0, 0, 0, 0, -3, -6, -23
"c:\Users\Tautvydas\Desktop\Auction-master\Auction-master\Aukcionas\Aukcionas\Migrations\20240309190226_auctionCommentsv4.Designer.cs", "C#", 0, -350, 0, 0, 0, 0, 0, 0, 0, 0, 0, 0, -2, -124, -476
"c:\Users\Tautvydas\Desktop\Auction-master\Auction-master\Aukcionas\Aukcionas\Migrations\20240309190226_auctionCommentsv4.cs", "C#", 0, -14, 0, 0, 0, 0, 0, 0, 0, 0, 0, 0, -3, -6, -23
"c:\Users\Tautvydas\Desktop\Auction-master\Auction-master\Aukcionas\Aukcionas\Migrations\20240309193035_auctionCommentsv5.Designer.cs", "C#", 0, -350, 0, 0, 0, 0, 0, 0, 0, 0, 0, 0, -2, -124, -476
"c:\Users\Tautvydas\Desktop\Auction-master\Auction-master\Aukcionas\Aukcionas\Migrations\20240309193035_auctionCommentsv5.cs", "C#", 0, -14, 0, 0, 0, 0, 0, 0, 0, 0, 0, 0, -3, -6, -23
"c:\Users\Tautvydas\Desktop\Auction-master\Auction-master\Aukcionas\Aukcionas\Migrations\20240314092352_Report.Designer.cs", "C#", 0, -369, 0, 0, 0, 0, 0, 0, 0, 0, 0, 0, -2, -132, -503
"c:\Users\Tautvydas\Desktop\Auction-master\Auction-master\Aukcionas\Aukcionas\Migrations\20240314092352_Report.cs", "C#", 0, -32, 0, 0, 0, 0, 0, 0, 0, 0, 0, 0, -3, -4, -39
"c:\Users\Tautvydas\Desktop\Auction-master\Auction-master\Aukcionas\Aukcionas\Migrations\20240320203933_auctionPictures.Designer.cs", "C#", 0, -372, 0, 0, 0, 0, 0, 0, 0, 0, 0, 0, -2, -133, -507
"c:\Users\Tautvydas\Desktop\Auction-master\Auction-master\Aukcionas\Aukcionas\Migrations\20240320203933_auctionPictures.cs", "C#", 0, -23, 0, 0, 0, 0, 0, 0, 0, 0, 0, 0, -3, -4, -30
"c:\Users\Tautvydas\Desktop\Auction-master\Auction-master\Aukcionas\Aukcionas\Migrations\20240321090650_FixPRoblem.Designer.cs", "C#", 0, -369, 0, 0, 0, 0, 0, 0, 0, 0, 0, 0, -2, -132, -503
"c:\Users\Tautvydas\Desktop\Auction-master\Auction-master\Aukcionas\Aukcionas\Migrations\20240321090650_FixPRoblem.cs", "C#", 0, -23, 0, 0, 0, 0, 0, 0, 0, 0, 0, 0, -3, -4, -30
"c:\Users\Tautvydas\Desktop\Auction-master\Auction-master\Aukcionas\Aukcionas\Migrations\20240321111253_PaypalConfirmation.Designer.cs", "C#", 0, -371, 0, 0, 0, 0, 0, 0, 0, 0, 0, 0, -2, -133, -506
"c:\Users\Tautvydas\Desktop\Auction-master\Auction-master\Aukcionas\Aukcionas\Migrations\20240321111253_PaypalConfirmation.cs", "C#", 0, -22, 0, 0, 0, 0, 0, 0, 0, 0, 0, 0, -3, -4, -29
"c:\Users\Tautvydas\Desktop\Auction-master\Auction-master\Aukcionas\Aukcionas\Migrations\20240322095802_RomovedPaypalEmail.Designer.cs", "C#", 0, -369, 0, 0, 0, 0, 0, 0, 0, 0, 0, 0, -2, -132, -503
"c:\Users\Tautvydas\Desktop\Auction-master\Auction-master\Aukcionas\Aukcionas\Migrations\20240322095802_RomovedPaypalEmail.cs", "C#", 0, -22, 0, 0, 0, 0, 0, 0, 0, 0, 0, 0, -3, -4, -29
"c:\Users\Tautvydas\Desktop\Auction-master\Auction-master\Aukcionas\Aukcionas\Migrations\20240323144525_Payment.Designer.cs", "C#", 0, -402, 0, 0, 0, 0, 0, 0, 0, 0, 0, 0, -2, -145, -549
"c:\Users\Tautvydas\Desktop\Auction-master\Auction-master\Aukcionas\Aukcionas\Migrations\20240323144525_Payment.cs", "C#", 0, -44, 0, 0, 0, 0, 0, 0, 0, 0, 0, 0, -3, -6, -53
"c:\Users\Tautvydas\Desktop\Auction-master\Auction-master\Aukcionas\Aukcionas\Migrations\20240323145205_UpdatePayment.Designer.cs", "C#", 0, -404, 0, 0, 0, 0, 0, 0, 0, 0, 0, 0, -2, -146, -552
"c:\Users\Tautvydas\Desktop\Auction-master\Auction-master\Aukcionas\Aukcionas\Migrations\20240323145205_UpdatePayment.cs", "C#", 0, -23, 0, 0, 0, 0, 0, 0, 0, 0, 0, 0, -3, -4, -30
"c:\Users\Tautvydas\Desktop\Auction-master\Auction-master\Aukcionas\Aukcionas\Migrations\20240323164853_PaymentV3.Designer.cs", "C#", 0, -410, 0, 0, 0, 0, 0, 0, 0, 0, 0, 0, -2, -148, -560
"c:\Users\Tautvydas\Desktop\Auction-master\Auction-master\Aukcionas\Aukcionas\Migrations\20240323164853_PaymentV3.cs", "C#", 0, -32, 0, 0, 0, 0, 0, 0, 0, 0, 0, 0, -3, -6, -41
"c:\Users\Tautvydas\Desktop\Auction-master\Auction-master\Aukcionas\Aukcionas\Migrations\20240323175511_PaymentV4.Designer.cs", "C#", 0, -413, 0, 0, 0, 0, 0, 0, 0, 0, 0, 0, -2, -149, -564
"c:\Users\Tautvydas\Desktop\Auction-master\Auction-master\Aukcionas\Aukcionas\Migrations\20240323175511_PaymentV4.cs", "C#", 0, -23, 0, 0, 0, 0, 0, 0, 0, 0, 0, 0, -3, -4, -30
"c:\Users\Tautvydas\Desktop\Auction-master\Auction-master\Aukcionas\Aukcionas\Migrations\20240326163751_user_payment_info.Designer.cs", "C#", 0, -438, 0, 0, 0, 0, 0, 0, 0, 0, 0, 0, -2, -161, -601
"c:\Users\Tautvydas\Desktop\Auction-master\Auction-master\Aukcionas\Aukcionas\Migrations\20240326163751_user_payment_info.cs", "C#", 0, -112, 0, 0, 0, 0, 0, 0, 0, 0, 0, 0, -3, -26, -141
"c:\Users\Tautvydas\Desktop\Auction-master\Auction-master\Aukcionas\Aukcionas\Migrations\20240402152240_Photos.Designer.cs", "C#", 0, -441, 0, 0, 0, 0, 0, 0, 0, 0, 0, 0, -2, -162, -605
"c:\Users\Tautvydas\Desktop\Auction-master\Auction-master\Aukcionas\Aukcionas\Migrations\20240402152240_Photos.cs", "C#", 0, -23, 0, 0, 0, 0, 0, 0, 0, 0, 0, 0, -3, -4, -30
"c:\Users\Tautvydas\Desktop\Auction-master\Auction-master\Aukcionas\Aukcionas\Migrations\20240416163615_AiModel.Designer.cs", "C#", 0, -441, 0, 0, 0, 0, 0, 0, 0, 0, 0, 0, -2, -162, -605
"c:\Users\Tautvydas\Desktop\Auction-master\Auction-master\Aukcionas\Aukcionas\Migrations\20240416163615_AiModel.cs", "C#", 0, -14, 0, 0, 0, 0, 0, 0, 0, 0, 0, 0, -3, -6, -23
"c:\Users\Tautvydas\Desktop\Auction-master\Auction-master\Aukcionas\Aukcionas\Migrations\20240416163842_AiModelv2.Designer.cs", "C#", 0, -456, 0, 0, 0, 0, 0, 0, 0, 0, 0, 0, -2, -169, -627
"c:\Users\Tautvydas\Desktop\Auction-master\Auction-master\Aukcionas\Aukcionas\Migrations\20240416163842_AiModelv2.cs", "C#", 0, -30, 0, 0, 0, 0, 0, 0, 0, 0, 0, 0, -3, -4, -37
"c:\Users\Tautvydas\Desktop\Auction-master\Auction-master\Aukcionas\Aukcionas\Migrations\20240416164500_AiModelv3.Designer.cs", "C#", 0, -457, 0, 0, 0, 0, 0, 0, 0, 0, 0, 0, -2, -169, -628
"c:\Users\Tautvydas\Desktop\Auction-master\Auction-master\Aukcionas\Aukcionas\Migrations\20240416164500_AiModelv3.cs", "C#", 0, -28, 0, 0, 0, 0, 0, 0, 0, 0, 0, 0, -3, -4, -35
"c:\Users\Tautvydas\Desktop\Auction-master\Auction-master\Aukcionas\Aukcionas\Migrations\20240416164744_AiModelv4.Designer.cs", "C#", 0, -459, 0, 0, 0, 0, 0, 0, 0, 0, 0, 0, -2, -170, -631
"c:\Users\Tautvydas\Desktop\Auction-master\Auction-master\Aukcionas\Aukcionas\Migrations\20240416164744_AiModelv4.cs", "C#", 0, -24, 0, 0, 0, 0, 0, 0, 0, 0, 0, 0, -3, -4, -31
"c:\Users\Tautvydas\Desktop\Auction-master\Auction-master\Aukcionas\Aukcionas\Migrations\20240416170216_AiModelv5.Designer.cs", "C#", 0, -459, 0, 0, 0, 0, 0, 0, 0, 0, 0, 0, -2, -170, -631
"c:\Users\Tautvydas\Desktop\Auction-master\Auction-master\Aukcionas\Aukcionas\Migrations\20240416170216_AiModelv5.cs", "C#", 0, -14, 0, 0, 0, 0, 0, 0, 0, 0, 0, 0, -3, -6, -23
"c:\Users\Tautvydas\Desktop\Auction-master\Auction-master\Aukcionas\Aukcionas\Migrations\20240416191817_AiModelv6.Designer.cs", "C#", 0, -474, 0, 0, 0, 0, 0, 0, 0, 0, 0, 0, -2, -176, -652
"c:\Users\Tautvydas\Desktop\Auction-master\Auction-master\Aukcionas\Aukcionas\Migrations\20240416191817_AiModelv6.cs", "C#", 0, -64, 0, 0, 0, 0, 0, 0, 0, 0, 0, 0, -3, -8, -75
"c:\Users\Tautvydas\Desktop\Auction-master\Auction-master\Aukcionas\Aukcionas\Migrations\20240417162726_AiModelv7.Designer.cs", "C#", 0, -474, 0, 0, 0, 0, 0, 0, 0, 0, 0, 0, -2, -176, -652
"c:\Users\Tautvydas\Desktop\Auction-master\Auction-master\Aukcionas\Aukcionas\Migrations\20240417162726_AiModelv7.cs", "C#", 0, -14, 0, 0, 0, 0, 0, 0, 0, 0, 0, 0, -3, -6, -23
"c:\Users\Tautvydas\Desktop\Auction-master\Auction-master\Aukcionas\Aukcionas\Migrations\20240418131531_AiModelv8.Designer.cs", "C#", 0, -477, 0, 0, 0, 0, 0, 0, 0, 0, 0, 0, -2, -177, -656
"c:\Users\Tautvydas\Desktop\Auction-master\Auction-master\Aukcionas\Aukcionas\Migrations\20240418131531_AiModelv8.cs", "C#", 0, -23, 0, 0, 0, 0, 0, 0, 0, 0, 0, 0, -3, -4, -30
"c:\Users\Tautvydas\Desktop\Auction-master\Auction-master\Aukcionas\Aukcionas\Migrations\20240418174717_CollectData.Designer.cs", "C#", 0, -479, 0, 0, 0, 0, 0, 0, 0, 0, 0, 0, -2, -178, -659
"c:\Users\Tautvydas\Desktop\Auction-master\Auction-master\Aukcionas\Aukcionas\Migrations\20240418174717_CollectData.cs", "C#", 0, -22, 0, 0, 0, 0, 0, 0, 0, 0, 0, 0, -3, -4, -29
"c:\Users\Tautvydas\Desktop\Auction-master\Auction-master\Aukcionas\Aukcionas\Migrations\20240419092148_ChatFunction.Designer.cs", "C#", 0, -479, 0, 0, 0, 0, 0, 0, 0, 0, 0, 0, -2, -178, -659
"c:\Users\Tautvydas\Desktop\Auction-master\Auction-master\Aukcionas\Aukcionas\Migrations\20240419092148_ChatFunction.cs", "C#", 0, -14, 0, 0, 0, 0, 0, 0, 0, 0, 0, 0, -3, -6, -23
"c:\Users\Tautvydas\Desktop\Auction-master\Auction-master\Aukcionas\Aukcionas\Migrations\20240419093213_ChatFunctionv2.Designer.cs", "C#", 0, -557, 0, 0, 0, 0, 0, 0, 0, 0, 0, 0, -2, -209, -768
"c:\Users\Tautvydas\Desktop\Auction-master\Auction-master\Aukcionas\Aukcionas\Migrations\20240419093213_ChatFunctionv2.cs", "C#", 0, -92, 0, 0, 0, 0, 0, 0, 0, 0, 0, 0, -3, -11, -106
"c:\Users\Tautvydas\Desktop\Auction-master\Auction-master\Aukcionas\Aukcionas\Migrations\20240419173713_ChatFunctionv3.Designer.cs", "C#", 0, -517, 0, 0, 0, 0, 0, 0, 0, 0, 0, 0, -2, -194, -713
"c:\Users\Tautvydas\Desktop\Auction-master\Auction-master\Aukcionas\Aukcionas\Migrations\20240419173713_ChatFunctionv3.cs", "C#", 0, -84, 0, 0, 0, 0, 0, 0, 0, 0, 0, 0, -3, -14, -101
"c:\Users\Tautvydas\Desktop\Auction-master\Auction-master\Aukcionas\Aukcionas\Migrations\20240420100142_ChatFunctionv4.Designer.cs", "C#", 0, -535, 0, 0, 0, 0, 0, 0, 0, 0, 0, 0, -2, -203, -740
"c:\Users\Tautvydas\Desktop\Auction-master\Auction-master\Aukcionas\Aukcionas\Migrations\20240420100142_ChatFunctionv4.cs", "C#", 0, -112, 0, 0, 0, 0, 0, 0, 0, 0, 0, 0, -3, -24, -139
"c:\Users\Tautvydas\Desktop\Auction-master\Auction-master\Aukcionas\Aukcionas\Migrations\20240420111413_Chatfunctionv5.Designer.cs", "C#", 0, -526, 0, 0, 0, 0, 0, 0, 0, 0, 0, 0, -2, -197, -725
"c:\Users\Tautvydas\Desktop\Auction-master\Auction-master\Aukcionas\Aukcionas\Migrations\20240420111413_Chatfunctionv5.cs", "C#", 0, -50, 0, 0, 0, 0, 0, 0, 0, 0, 0, 0, -2, -10, -62
"c:\Users\Tautvydas\Desktop\Auction-master\Auction-master\Aukcionas\Aukcionas\Migrations\DataContextModelSnapshot.cs", "C#", 0, -524, 0, 0, 0, 0, 0, 0, 0, 0, 0, 0, -1, -197, -722
"c:\Users\Tautvydas\Desktop\Auction-master\Auction-master\Aukcionas\Aukcionas\Models\Auction.cs", "C#", 0, -99, 0, 0, 0, 0, 0, 0, 0, 0, 0, 0, 0, -4, -103
"c:\Users\Tautvydas\Desktop\Auction-master\Auction-master\Aukcionas\Aukcionas\Models\Chat.cs", "C#", 0, -12, 0, 0, 0, 0, 0, 0, 0, 0, 0, 0, 0, -1, -13
"c:\Users\Tautvydas\Desktop\Auction-master\Auction-master\Aukcionas\Aukcionas\Models\DecodedPaymentToken.cs", "C#", 0, -8, 0, 0, 0, 0, 0, 0, 0, 0, 0, 0, 0, -1, -9
"c:\Users\Tautvydas\Desktop\Auction-master\Auction-master\Aukcionas\Aukcionas\Models\EmailModel.cs", "C#", 0, -17, 0, 0, 0, 0, 0, 0, 0, 0, 0, 0, 0, -1, -18
"c:\Users\Tautvydas\Desktop\Auction-master\Auction-master\Aukcionas\Aukcionas\Models\Message.cs", "C#", 0, -13, 0, 0, 0, 0, 0, 0, 0, 0, 0, 0, 0, -1, -14
"c:\Users\Tautvydas\Desktop\Auction-master\Auction-master\Aukcionas\Aukcionas\Models\PayPalAccessToken.cs", "C#", 0, -11, 0, 0, 0, 0, 0, 0, 0, 0, 0, 0, 0, -1, -12
"c:\Users\Tautvydas\Desktop\Auction-master\Auction-master\Aukcionas\Aukcionas\Models\Payment.cs", "C#", 0, -25, 0, 0, 0, 0, 0, 0, 0, 0, 0, 0, 0, -2, -27
"c:\Users\Tautvydas\Desktop\Auction-master\Auction-master\Aukcionas\Aukcionas\Models\Recommendations.cs", "C#", 0, -20, 0, 0, 0, 0, 0, 0, 0, 0, 0, 0, 0, -2, -22
"c:\Users\Tautvydas\Desktop\Auction-master\Auction-master\Aukcionas\Aukcionas\Models\Report.cs", "C#", 0, -14, 0, 0, 0, 0, 0, 0, 0, 0, 0, 0, 0, -2, -16
"c:\Users\Tautvydas\Desktop\Auction-master\Auction-master\Aukcionas\Aukcionas\Models\UserRecommendations.cs", "C#", 0, -9, 0, 0, 0, 0, 0, 0, 0, 0, 0, 0, 0, -1, -10
"c:\Users\Tautvydas\Desktop\Auction-master\Auction-master\Aukcionas\Aukcionas\Program.cs", "C#", 0, -125, 0, 0, 0, 0, 0, 0, 0, 0, 0, 0, 0, -18, -143
"c:\Users\Tautvydas\Desktop\Auction-master\Auction-master\Aukcionas\Aukcionas\Properties\launchSettings.json", "JSON", 0, 0, 0, 0, -41, 0, 0, 0, 0, 0, 0, 0, 0, -1, -42
"c:\Users\Tautvydas\Desktop\Auction-master\Auction-master\Aukcionas\Aukcionas\Services\AuctionStatusService.cs", "C#", 0, -85, 0, 0, 0, 0, 0, 0, 0, 0, 0, 0, 0, -12, -97
"c:\Users\Tautvydas\Desktop\Auction-master\Auction-master\Aukcionas\Aukcionas\Services\BiddingHub.cs", "C#", 0, -99, 0, 0, 0, 0, 0, 0, 0, 0, 0, 0, 0, -11, -110
"c:\Users\Tautvydas\Desktop\Auction-master\Auction-master\Aukcionas\Aukcionas\Services\CloudStorageService.cs", "C#", 0, -95, 0, 0, 0, 0, 0, 0, 0, 0, 0, 0, 0, -6, -101
"c:\Users\Tautvydas\Desktop\Auction-master\Auction-master\Aukcionas\Aukcionas\Services\DailycoService.cs", "C#", 0, -103, 0, 0, 0, 0, 0, 0, 0, 0, 0, 0, 0, -5, -108
"c:\Users\Tautvydas\Desktop\Auction-master\Auction-master\Aukcionas\Aukcionas\Services\EmailService.cs", "C#", 0, -45, 0, 0, 0, 0, 0, 0, 0, 0, 0, 0, 0, -3, -48
"c:\Users\Tautvydas\Desktop\Auction-master\Auction-master\Aukcionas\Aukcionas\Services\RecommendationService.cs", "C#", 0, -27, 0, 0, 0, 0, 0, 0, 0, 0, 0, 0, 0, -5, -32
"c:\Users\Tautvydas\Desktop\Auction-master\Auction-master\Aukcionas\Aukcionas\Utils\AuctionRecommender.cs", "C#", 0, -132, 0, 0, 0, 0, 0, 0, 0, 0, 0, 0, 0, -32, -164
"c:\Users\Tautvydas\Desktop\Auction-master\Auction-master\Aukcionas\Aukcionas\Utils\AuctionStatusChecker.cs", "C#", 0, -32, 0, 0, 0, 0, 0, 0, 0, 0, 0, 0, 0, -6, -38
"c:\Users\Tautvydas\Desktop\Auction-master\Auction-master\Aukcionas\Aukcionas\Utils\ConfigOptions\GCSConfigOptions.cs", "C#", 0, -8, 0, 0, 0, 0, 0, 0, 0, 0, 0, 0, 0, -4, -12
"c:\Users\Tautvydas\Desktop\Auction-master\Auction-master\Aukcionas\Aukcionas\Utils\EmailBody.cs", "C#", 0, -148, 0, 0, 0, 0, 0, 0, 0, 0, 0, 0, 0, -10, -158
"c:\Users\Tautvydas\Desktop\Auction-master\Auction-master\Aukcionas\Aukcionas\Utils\Extensions.cs", "C#", 0, -17, 0, 0, 0, 0, 0, 0, 0, 0, 0, 0, 0, -4, -21
"c:\Users\Tautvydas\Desktop\Auction-master\Auction-master\Aukcionas\Aukcionas\Utils\GetAucReq.cs", "C#", 0, -17, 0, 0, 0, 0, 0, 0, 0, 0, 0, 0, 0, -9, -26
"c:\Users\Tautvydas\Desktop\Auction-master\Auction-master\Aukcionas\Aukcionas\Utils\IDailycoService.cs", "C#", 0, -8, 0, 0, 0, 0, 0, 0, 0, 0, 0, 0, 0, -1, -9
"c:\Users\Tautvydas\Desktop\Auction-master\Auction-master\Aukcionas\Aukcionas\Utils\IEmailService.cs", "C#", 0, -8, 0, 0, 0, 0, 0, 0, 0, 0, 0, 0, 0, -2, -10
"c:\Users\Tautvydas\Desktop\Auction-master\Auction-master\Aukcionas\Aukcionas\Utils\PaymentUtils.cs", "C#", 0, -58, 0, 0, 0, 0, 0, 0, 0, 0, 0, 0, 0, -9, -67
"c:\Users\Tautvydas\Desktop\Auction-master\Auction-master\Aukcionas\Aukcionas\appsettings.Development.json", "JSON", 0, 0, 0, 0, -14, 0, 0, 0, 0, 0, 0, 0, 0, -1, -15
"c:\Users\Tautvydas\Desktop\Auction-master\Auction-master\Aukcionas\Aukcionas\appsettings.json", "JSON", 0, 0, 0, 0, -36, 0, 0, 0, 0, 0, 0, 0, 0, -1, -37
"c:\Users\Tautvydas\Desktop\Auction-master\Auction-master\Aukcionas\Aukcionas\bin\Debug\net8.0\Aukcionas.deps.json", "JSON", 0, 0, 0, 0, -2668, 0, 0, 0, 0, 0, 0, 0, 0, 0, -2668
"c:\Users\Tautvydas\Desktop\Auction-master\Auction-master\Aukcionas\Aukcionas\bin\Debug\net8.0\Aukcionas.runtimeconfig.json", "JSON", 0, 0, 0, 0, -21, 0, 0, 0, 0, 0, 0, 0, 0, 0, -21
"c:\Users\Tautvydas\Desktop\Auction-master\Auction-master\Aukcionas\Aukcionas\bin\Debug\net8.0\appsettings.Development.json", "JSON", 0, 0, 0, 0, -14, 0, 0, 0, 0, 0, 0, 0, 0, -1, -15
"c:\Users\Tautvydas\Desktop\Auction-master\Auction-master\Aukcionas\Aukcionas\bin\Debug\net8.0\appsettings.json", "JSON", 0, 0, 0, 0, -36, 0, 0, 0, 0, 0, 0, 0, 0, -1, -37
"c:\Users\Tautvydas\Desktop\Auction-master\Auction-master\Aukcionas\Aukcionas\obj\Aukcionas.csproj.EntityFrameworkCore.targets", "MSBuild", -28, 0, 0, 0, 0, 0, 0, 0, 0, 0, 0, 0, 0, -1, -29
"c:\Users\Tautvydas\Desktop\Auction-master\Auction-master\Aukcionas\Aukcionas\obj\Aukcionas.csproj.nuget.dgspec.json", "JSON", 0, 0, 0, 0, -137, 0, 0, 0, 0, 0, 0, 0, 0, 0, -137
"c:\Users\Tautvydas\Desktop\Auction-master\Auction-master\Aukcionas\Aukcionas\obj\Aukcionas.csproj.nuget.g.props", "MSBuild", -32, 0, 0, 0, 0, 0, 0, 0, 0, 0, 0, 0, 0, 0, -32
"c:\Users\Tautvydas\Desktop\Auction-master\Auction-master\Aukcionas\Aukcionas\obj\Aukcionas.csproj.nuget.g.targets", "MSBuild", -10, 0, 0, 0, 0, 0, 0, 0, 0, 0, 0, 0, 0, 0, -10
"c:\Users\Tautvydas\Desktop\Auction-master\Auction-master\Aukcionas\Aukcionas\obj\Debug\net8.0\.NETCoreApp,Version=v8.0.AssemblyAttributes.cs", "C#", 0, -3, 0, 0, 0, 0, 0, 0, 0, 0, 0, 0, -1, -1, -5
"c:\Users\Tautvydas\Desktop\Auction-master\Auction-master\Aukcionas\Aukcionas\obj\Debug\net8.0\Aukcionas.AssemblyInfo.cs", "C#", 0, -9, 0, 0, 0, 0, 0, 0, 0, 0, 0, 0, -10, -5, -24
"c:\Users\Tautvydas\Desktop\Auction-master\Auction-master\Aukcionas\Aukcionas\obj\Debug\net8.0\Aukcionas.GeneratedMSBuildEditorConfig.editorconfig", "EditorConfig", 0, 0, 0, -19, 0, 0, 0, 0, 0, 0, 0, 0, 0, -1, -20
"c:\Users\Tautvydas\Desktop\Auction-master\Auction-master\Aukcionas\Aukcionas\obj\Debug\net8.0\Aukcionas.GlobalUsings.g.cs", "C#", 0, -16, 0, 0, 0, 0, 0, 0, 0, 0, 0, 0, -1, -1, -18
"c:\Users\Tautvydas\Desktop\Auction-master\Auction-master\Aukcionas\Aukcionas\obj\Debug\net8.0\Aukcionas.MvcApplicationPartsAssemblyInfo.cs", "C#", 0, -4, 0, 0, 0, 0, 0, 0, 0, 0, 0, 0, -10, -5, -19
"c:\Users\Tautvydas\Desktop\Auction-master\Auction-master\Aukcionas\Aukcionas\obj\Debug\net8.0\staticwebassets.build.json", "JSON", 0, 0, 0, 0, -11, 0, 0, 0, 0, 0, 0, 0, 0, 0, -11
"c:\Users\Tautvydas\Desktop\Auction-master\Auction-master\Aukcionas\Aukcionas\obj\Debug\net8.0\staticwebassets\msbuild.build.Aukcionas.props", "MSBuild", -3, 0, 0, 0, 0, 0, 0, 0, 0, 0, 0, 0, 0, 0, -3
"c:\Users\Tautvydas\Desktop\Auction-master\Auction-master\Aukcionas\Aukcionas\obj\Debug\net8.0\staticwebassets\msbuild.buildMultiTargeting.Aukcionas.props", "MSBuild", -3, 0, 0, 0, 0, 0, 0, 0, 0, 0, 0, 0, 0, 0, -3
"c:\Users\Tautvydas\Desktop\Auction-master\Auction-master\Aukcionas\Aukcionas\obj\Debug\net8.0\staticwebassets\msbuild.buildTransitive.Aukcionas.props", "MSBuild", -3, 0, 0, 0, 0, 0, 0, 0, 0, 0, 0, 0, 0, 0, -3
"c:\Users\Tautvydas\Desktop\Auction-master\Auction-master\Aukcionas\Aukcionas\obj\project.assets.json", "JSON", 0, 0, 0, 0, -7370, 0, 0, 0, 0, 0, 0, 0, 0, 0, -7370
"c:\Users\Tautvydas\Desktop\Auction-master\Auction-master\Aukcionas\XUnitTests\AuctionStatusServiceTests.cs", "C#", 0, 27, 0, 0, 0, 0, 0, 0, 0, 0, 0, 0, 0, 3, 30
"c:\Users\Tautvydas\Desktop\Auction-master\Auction-master\Aukcionas\XUnitTests\Aukcionas_AdminController.html", "HTML", 0, 0, 0, 0, 0, 316, 0, 0, 0, 0, 0, 0, 0, 8, 324
"c:\Users\Tautvydas\Desktop\Auction-master\Auction-master\Aukcionas\XUnitTests\Aukcionas_AiModel.html", "HTML", 0, 0, 0, 0, 0, 804, 0, 0, 0, 0, 0, 0, 0, 8, 812
"c:\Users\Tautvydas\Desktop\Auction-master\Auction-master\Aukcionas\XUnitTests\Aukcionas_AiModelv2.html", "HTML", 0, 0, 0, 0, 0, 840, 0, 0, 0, 0, 0, 0, 0, 8, 848
"c:\Users\Tautvydas\Desktop\Auction-master\Auction-master\Aukcionas\XUnitTests\Aukcionas_AiModelv3.html", "HTML", 0, 0, 0, 0, 0, 839, 0, 0, 0, 0, 0, 0, 0, 8, 847
"c:\Users\Tautvydas\Desktop\Auction-master\Auction-master\Aukcionas\XUnitTests\Aukcionas_AiModelv4.html", "HTML", 0, 0, 0, 0, 0, 838, 0, 0, 0, 0, 0, 0, 0, 8, 846
"c:\Users\Tautvydas\Desktop\Auction-master\Auction-master\Aukcionas\XUnitTests\Aukcionas_AiModelv5.html", "HTML", 0, 0, 0, 0, 0, 830, 0, 0, 0, 0, 0, 0, 0, 8, 838
"c:\Users\Tautvydas\Desktop\Auction-master\Auction-master\Aukcionas\XUnitTests\Aukcionas_AiModelv6.html", "HTML", 0, 0, 0, 0, 0, 903, 0, 0, 0, 0, 0, 0, 0, 8, 911
"c:\Users\Tautvydas\Desktop\Auction-master\Auction-master\Aukcionas\XUnitTests\Aukcionas_AiModelv7.html", "HTML", 0, 0, 0, 0, 0, 851, 0, 0, 0, 0, 0, 0, 0, 8, 859
"c:\Users\Tautvydas\Desktop\Auction-master\Auction-master\Aukcionas\XUnitTests\Aukcionas_AiModelv8.html", "HTML", 0, 0, 0, 0, 0, 862, 0, 0, 0, 0, 0, 0, 0, 8, 870
"c:\Users\Tautvydas\Desktop\Auction-master\Auction-master\Aukcionas\XUnitTests\Aukcionas_Auction.html", "HTML", 0, 0, 0, 0, 0, 302, 0, 0, 0, 0, 0, 0, 0, 8, 310
"c:\Users\Tautvydas\Desktop\Auction-master\Auction-master\Aukcionas\XUnitTests\Aukcionas_AuctionController.html", "HTML", 0, 0, 0, 0, 0, 725, 0, 0, 0, 0, 0, 0, 0, 8, 733
"c:\Users\Tautvydas\Desktop\Auction-master\Auction-master\Aukcionas\XUnitTests\Aukcionas_AuctionForPrediction.html", "HTML", 0, 0, 0, 0, 0, 315, 0, 0, 0, 0, 0, 0, 0, 8, 323
"c:\Users\Tautvydas\Desktop\Auction-master\Auction-master\Aukcionas\XUnitTests\Aukcionas_AuctionRatingPrediction.html", "HTML", 0, 0, 0, 0, 0, 313, 0, 0, 0, 0, 0, 0, 0, 8, 321
"c:\Users\Tautvydas\Desktop\Auction-master\Auction-master\Aukcionas\XUnitTests\Aukcionas_AuctionRecommender.html", "HTML", 0, 0, 0, 0, 0, 337, 0, 0, 0, 0, 0, 0, 0, 8, 345
"c:\Users\Tautvydas\Desktop\Auction-master\Auction-master\Aukcionas\XUnitTests\Aukcionas_AuctionStatusChecker.html", "HTML", 0, 0, 0, 0, 0, 205, 0, 0, 0, 0, 0, 0, 0, 8, 213
"c:\Users\Tautvydas\Desktop\Auction-master\Auction-master\Aukcionas\XUnitTests\Aukcionas_AuctionStatusService.html", "HTML", 0, 0, 0, 0, 0, 264, 0, 0, 0, 0, 0, 0, 0, 8, 272
"c:\Users\Tautvydas\Desktop\Auction-master\Auction-master\Aukcionas\XUnitTests\Aukcionas_AuthController.html", "HTML", 0, 0, 0, 0, 0, 550, 0, 0, 0, 0, 0, 0, 0, 8, 558
"c:\Users\Tautvydas\Desktop\Auction-master\Auction-master\Aukcionas\XUnitTests\Aukcionas_AuthDbSeeder.html", "HTML", 0, 0, 0, 0, 0, 224, 0, 0, 0, 0, 0, 0, 0, 8, 232
"c:\Users\Tautvydas\Desktop\Auction-master\Auction-master\Aukcionas\XUnitTests\Aukcionas_BiddingHub.html", "HTML", 0, 0, 0, 0, 0, 281, 0, 0, 0, 0, 0, 0, 0, 8, 289
"c:\Users\Tautvydas\Desktop\Auction-master\Auction-master\Aukcionas\XUnitTests\Aukcionas_Chat.html", "HTML", 0, 0, 0, 0, 0, 167, 0, 0, 0, 0, 0, 0, 0, 8, 175
"c:\Users\Tautvydas\Desktop\Auction-master\Auction-master\Aukcionas\XUnitTests\Aukcionas_ChatController.html", "HTML", 0, 0, 0, 0, 0, 369, 0, 0, 0, 0, 0, 0, 0, 8, 377
"c:\Users\Tautvydas\Desktop\Auction-master\Auction-master\Aukcionas\XUnitTests\Aukcionas_ChatFunction.html", "HTML", 0, 0, 0, 0, 0, 858, 0, 0, 0, 0, 0, 0, 0, 8, 866
"c:\Users\Tautvydas\Desktop\Auction-master\Auction-master\Aukcionas\XUnitTests\Aukcionas_ChatFunctionv2.html", "HTML", 0, 0, 0, 0, 0, 1050, 0, 0, 0, 0, 0, 0, 0, 8, 1058
"c:\Users\Tautvydas\Desktop\Auction-master\Auction-master\Aukcionas\XUnitTests\Aukcionas_ChatFunctionv3.html", "HTML", 0, 0, 0, 0, 0, 990, 0, 0, 0, 0, 0, 0, 0, 8, 998
"c:\Users\Tautvydas\Desktop\Auction-master\Auction-master\Aukcionas\XUnitTests\Aukcionas_ChatFunctionv4.html", "HTML", 0, 0, 0, 0, 0, 1055, 0, 0, 0, 0, 0, 0, 0, 8, 1063
"c:\Users\Tautvydas\Desktop\Auction-master\Auction-master\Aukcionas\XUnitTests\Aukcionas_Chatfunctionv5.html", "HTML", 0, 0, 0, 0, 0, 963, 0, 0, 0, 0, 0, 0, 0, 8, 971
"c:\Users\Tautvydas\Desktop\Auction-master\Auction-master\Aukcionas\XUnitTests\Aukcionas_CloudStorageService.html", "HTML", 0, 0, 0, 0, 0, 272, 0, 0, 0, 0, 0, 0, 0, 8, 280
"c:\Users\Tautvydas\Desktop\Auction-master\Auction-master\Aukcionas\XUnitTests\Aukcionas_CollectData.html", "HTML", 0, 0, 0, 0, 0, 864, 0, 0, 0, 0, 0, 0, 0, 8, 872
"c:\Users\Tautvydas\Desktop\Auction-master\Auction-master\Aukcionas\XUnitTests\Aukcionas_Comment.html", "HTML", 0, 0, 0, 0, 0, 258, 0, 0, 0, 0, 0, 0, 0, 8, 266
"c:\Users\Tautvydas\Desktop\Auction-master\Auction-master\Aukcionas\XUnitTests\Aukcionas_DailycoService.html", "HTML", 0, 0, 0, 0, 0, 277, 0, 0, 0, 0, 0, 0, 0, 8, 285
"c:\Users\Tautvydas\Desktop\Auction-master\Auction-master\Aukcionas\XUnitTests\Aukcionas_DataContext.html", "HTML", 0, 0, 0, 0, 0, 196, 0, 0, 0, 0, 0, 0, 0, 8, 204
"c:\Users\Tautvydas\Desktop\Auction-master\Auction-master\Aukcionas\XUnitTests\Aukcionas_DataContextModelSnapshot.html", "HTML", 0, 0, 0, 0, 0, 887, 0, 0, 0, 0, 0, 0, 0, 8, 895
"c:\Users\Tautvydas\Desktop\Auction-master\Auction-master\Aukcionas\XUnitTests\Aukcionas_DecodedPaymentToken.html", "HTML", 0, 0, 0, 0, 0, 159, 0, 0, 0, 0, 0, 0, 0, 8, 167
"c:\Users\Tautvydas\Desktop\Auction-master\Auction-master\Aukcionas\XUnitTests\Aukcionas_EmailBody.html", "HTML", 0, 0, 0, 0, 0, 335, 0, 0, 0, 0, 0, 0, 0, 8, 343
"c:\Users\Tautvydas\Desktop\Auction-master\Auction-master\Aukcionas\XUnitTests\Aukcionas_EmailConfirm.html", "HTML", 0, 0, 0, 0, 0, 643, 0, 0, 0, 0, 0, 0, 0, 8, 651
"c:\Users\Tautvydas\Desktop\Auction-master\Auction-master\Aukcionas\XUnitTests\Aukcionas_EmailConfirmfix.html", "HTML", 0, 0, 0, 0, 0, 640, 0, 0, 0, 0, 0, 0, 0, 8, 648
"c:\Users\Tautvydas\Desktop\Auction-master\Auction-master\Aukcionas\XUnitTests\Aukcionas_EmailConfirmfixv2.html", "HTML", 0, 0, 0, 0, 0, 638, 0, 0, 0, 0, 0, 0, 0, 8, 646
"c:\Users\Tautvydas\Desktop\Auction-master\Auction-master\Aukcionas\XUnitTests\Aukcionas_EmailModel.html", "HTML", 0, 0, 0, 0, 0, 187, 0, 0, 0, 0, 0, 0, 0, 8, 195
"c:\Users\Tautvydas\Desktop\Auction-master\Auction-master\Aukcionas\XUnitTests\Aukcionas_EmailService.html", "HTML", 0, 0, 0, 0, 0, 215, 0, 0, 0, 0, 0, 0, 0, 8, 223
"c:\Users\Tautvydas\Desktop\Auction-master\Auction-master\Aukcionas\XUnitTests\Aukcionas_Extensions.html", "HTML", 0, 0, 0, 0, 0, 186, 0, 0, 0, 0, 0, 0, 0, 8, 194
"c:\Users\Tautvydas\Desktop\Auction-master\Auction-master\Aukcionas\XUnitTests\Aukcionas_FixPRoblem.html", "HTML", 0, 0, 0, 0, 0, 709, 0, 0, 0, 0, 0, 0, 0, 8, 717
"c:\Users\Tautvydas\Desktop\Auction-master\Auction-master\Aukcionas\XUnitTests\Aukcionas_ForumRestUser.html", "HTML", 0, 0, 0, 0, 0, 209, 0, 0, 0, 0, 0, 0, 0, 8, 217
"c:\Users\Tautvydas\Desktop\Auction-master\Auction-master\Aukcionas\XUnitTests\Aukcionas_ForumRoles.html", "HTML", 0, 0, 0, 0, 0, 176, 0, 0, 0, 0, 0, 0, 0, 8, 184
"c:\Users\Tautvydas\Desktop\Auction-master\Auction-master\Aukcionas\XUnitTests\Aukcionas_GCSConfigOptions.html", "HTML", 0, 0, 0, 0, 0, 162, 0, 0, 0, 0, 0, 0, 0, 8, 170
"c:\Users\Tautvydas\Desktop\Auction-master\Auction-master\Aukcionas\XUnitTests\Aukcionas_GetAucReq.html", "HTML", 0, 0, 0, 0, 0, 194, 0, 0, 0, 0, 0, 0, 0, 8, 202
"c:\Users\Tautvydas\Desktop\Auction-master\Auction-master\Aukcionas\XUnitTests\Aukcionas_Init.html", "HTML", 0, 0, 0, 0, 0, 612, 0, 0, 0, 0, 0, 0, 0, 8, 620
"c:\Users\Tautvydas\Desktop\Auction-master\Auction-master\Aukcionas\XUnitTests\Aukcionas_JwtTokenService.html", "HTML", 0, 0, 0, 0, 0, 214, 0, 0, 0, 0, 0, 0, 0, 8, 222
"c:\Users\Tautvydas\Desktop\Auction-master\Auction-master\Aukcionas\XUnitTests\Aukcionas_LivestreamController.html", "HTML", 0, 0, 0, 0, 0, 255, 0, 0, 0, 0, 0, 0, 0, 8, 263
"c:\Users\Tautvydas\Desktop\Auction-master\Auction-master\Aukcionas\XUnitTests\Aukcionas_LoginDto.html", "HTML", 0, 0, 0, 0, 0, 162, 0, 0, 0, 0, 0, 0, 0, 8, 170
"c:\Users\Tautvydas\Desktop\Auction-master\Auction-master\Aukcionas\XUnitTests\Aukcionas_Message.html", "HTML", 0, 0, 0, 0, 0, 169, 0, 0, 0, 0, 0, 0, 0, 8, 177
"c:\Users\Tautvydas\Desktop\Auction-master\Auction-master\Aukcionas\XUnitTests\Aukcionas_PasswordReset.html", "HTML", 0, 0, 0, 0, 0, 636, 0, 0, 0, 0, 0, 0, 0, 8, 644
"c:\Users\Tautvydas\Desktop\Auction-master\Auction-master\Aukcionas\XUnitTests\Aukcionas_PayPalAccessToken.html", "HTML", 0, 0, 0, 0, 0, 165, 0, 0, 0, 0, 0, 0, 0, 8, 173
"c:\Users\Tautvydas\Desktop\Auction-master\Auction-master\Aukcionas\XUnitTests\Aukcionas_Payment.2.html", "HTML", 0, 0, 0, 0, 0, 193, 0, 0, 0, 0, 0, 0, 0, 8, 201
"c:\Users\Tautvydas\Desktop\Auction-master\Auction-master\Aukcionas\XUnitTests\Aukcionas_Payment.html", "HTML", 0, 0, 0, 0, 0, 193, 0, 0, 0, 0, 0, 0, 0, 8, 201
"c:\Users\Tautvydas\Desktop\Auction-master\Auction-master\Aukcionas\XUnitTests\Aukcionas_PaymentController.html", "HTML", 0, 0, 0, 0, 0, 477, 0, 0, 0, 0, 0, 0, 0, 8, 485
"c:\Users\Tautvydas\Desktop\Auction-master\Auction-master\Aukcionas\XUnitTests\Aukcionas_PaymentUtils.html", "HTML", 0, 0, 0, 0, 0, 236, 0, 0, 0, 0, 0, 0, 0, 8, 244
"c:\Users\Tautvydas\Desktop\Auction-master\Auction-master\Aukcionas\XUnitTests\Aukcionas_PaymentV3.html", "HTML", 0, 0, 0, 0, 0, 777, 0, 0, 0, 0, 0, 0, 0, 8, 785
"c:\Users\Tautvydas\Desktop\Auction-master\Auction-master\Aukcionas\XUnitTests\Aukcionas_PaymentV4.html", "HTML", 0, 0, 0, 0, 0, 770, 0, 0, 0, 0, 0, 0, 0, 8, 778
"c:\Users\Tautvydas\Desktop\Auction-master\Auction-master\Aukcionas\XUnitTests\Aukcionas_PaypalConfirmation.html", "HTML", 0, 0, 0, 0, 0, 711, 0, 0, 0, 0, 0, 0, 0, 8, 719
"c:\Users\Tautvydas\Desktop\Auction-master\Auction-master\Aukcionas\XUnitTests\Aukcionas_Photos.html", "HTML", 0, 0, 0, 0, 0, 811, 0, 0, 0, 0, 0, 0, 0, 8, 819
"c:\Users\Tautvydas\Desktop\Auction-master\Auction-master\Aukcionas\XUnitTests\Aukcionas_RecommendationService.html", "HTML", 0, 0, 0, 0, 0, 199, 0, 0, 0, 0, 0, 0, 0, 8, 207
"c:\Users\Tautvydas\Desktop\Auction-master\Auction-master\Aukcionas\XUnitTests\Aukcionas_Recommendations.html", "HTML", 0, 0, 0, 0, 0, 176, 0, 0, 0, 0, 0, 0, 0, 8, 184
"c:\Users\Tautvydas\Desktop\Auction-master\Auction-master\Aukcionas\XUnitTests\Aukcionas_RegisterUserDto.html", "HTML", 0, 0, 0, 0, 0, 162, 0, 0, 0, 0, 0, 0, 0, 8, 170
"c:\Users\Tautvydas\Desktop\Auction-master\Auction-master\Aukcionas\XUnitTests\Aukcionas_Report.2.html", "HTML", 0, 0, 0, 0, 0, 169, 0, 0, 0, 0, 0, 0, 0, 8, 177
"c:\Users\Tautvydas\Desktop\Auction-master\Auction-master\Aukcionas\XUnitTests\Aukcionas_Report.html", "HTML", 0, 0, 0, 0, 0, 169, 0, 0, 0, 0, 0, 0, 0, 8, 177
"c:\Users\Tautvydas\Desktop\Auction-master\Auction-master\Aukcionas\XUnitTests\Aukcionas_ReportController.html", "HTML", 0, 0, 0, 0, 0, 347, 0, 0, 0, 0, 0, 0, 0, 8, 355
"c:\Users\Tautvydas\Desktop\Auction-master\Auction-master\Aukcionas\XUnitTests\Aukcionas_ResetPasswordDto.html", "HTML", 0, 0, 0, 0, 0, 163, 0, 0, 0, 0, 0, 0, 0, 8, 171
"c:\Users\Tautvydas\Desktop\Auction-master\Auction-master\Aukcionas\XUnitTests\Aukcionas_ResourceOwnerAuthorizationHandler.html", "HTML", 0, 0, 0, 0, 0, 186, 0, 0, 0, 0, 0, 0, 0, 8, 194
"c:\Users\Tautvydas\Desktop\Auction-master\Auction-master\Aukcionas\XUnitTests\Aukcionas_RomovedPaypalEmail.html", "HTML", 0, 0, 0, 0, 0, 708, 0, 0, 0, 0, 0, 0, 0, 8, 716
"c:\Users\Tautvydas\Desktop\Auction-master\Auction-master\Aukcionas\XUnitTests\Aukcionas_SuccessfulLoginDto.html", "HTML", 0, 0, 0, 0, 0, 162, 0, 0, 0, 0, 0, 0, 0, 8, 170
"c:\Users\Tautvydas\Desktop\Auction-master\Auction-master\Aukcionas\XUnitTests\Aukcionas_UpdatePayment.html", "HTML", 0, 0, 0, 0, 0, 758, 0, 0, 0, 0, 0, 0, 0, 8, 766
"c:\Users\Tautvydas\Desktop\Auction-master\Auction-master\Aukcionas\XUnitTests\Aukcionas_UserDto.html", "HTML", 0, 0, 0, 0, 0, 162, 0, 0, 0, 0, 0, 0, 0, 8, 170
"c:\Users\Tautvydas\Desktop\Auction-master\Auction-master\Aukcionas\XUnitTests\Aukcionas_UserInfo.html", "HTML", 0, 0, 0, 0, 0, 862, 0, 0, 0, 0, 0, 0, 0, 8, 870
"c:\Users\Tautvydas\Desktop\Auction-master\Auction-master\Aukcionas\XUnitTests\Aukcionas_UserRecommendations.html", "HTML", 0, 0, 0, 0, 0, 161, 0, 0, 0, 0, 0, 0, 0, 8, 169
"c:\Users\Tautvydas\Desktop\Auction-master\Auction-master\Aukcionas\XUnitTests\Aukcionas_auctionComments.html", "HTML", 0, 0, 0, 0, 0, 702, 0, 0, 0, 0, 0, 0, 0, 8, 710
"c:\Users\Tautvydas\Desktop\Auction-master\Auction-master\Aukcionas\XUnitTests\Aukcionas_auctionCommentsv2.html", "HTML", 0, 0, 0, 0, 0, 731, 0, 0, 0, 0, 0, 0, 0, 8, 739
"c:\Users\Tautvydas\Desktop\Auction-master\Auction-master\Aukcionas\XUnitTests\Aukcionas_auctionCommentsv3.html", "HTML", 0, 0, 0, 0, 0, 675, 0, 0, 0, 0, 0, 0, 0, 8, 683
"c:\Users\Tautvydas\Desktop\Auction-master\Auction-master\Aukcionas\XUnitTests\Aukcionas_auctionCommentsv4.html", "HTML", 0, 0, 0, 0, 0, 675, 0, 0, 0, 0, 0, 0, 0, 8, 683
"c:\Users\Tautvydas\Desktop\Auction-master\Auction-master\Aukcionas\XUnitTests\Aukcionas_auctionCommentsv5.html", "HTML", 0, 0, 0, 0, 0, 675, 0, 0, 0, 0, 0, 0, 0, 8, 683
"c:\Users\Tautvydas\Desktop\Auction-master\Auction-master\Aukcionas\XUnitTests\Aukcionas_auctionLikes.html", "HTML", 0, 0, 0, 0, 0, 634, 0, 0, 0, 0, 0, 0, 0, 8, 642
"c:\Users\Tautvydas\Desktop\Auction-master\Auction-master\Aukcionas\XUnitTests\Aukcionas_auctionPictures.html", "HTML", 0, 0, 0, 0, 0, 713, 0, 0, 0, 0, 0, 0, 0, 8, 721
"c:\Users\Tautvydas\Desktop\Auction-master\Auction-master\Aukcionas\XUnitTests\Aukcionas_user_payment_info.html", "HTML", 0, 0, 0, 0, 0, 918, 0, 0, 0, 0, 0, 0, 0, 8, 926
"c:\Users\Tautvydas\Desktop\Auction-master\Auction-master\Aukcionas\XUnitTests\BiddingHubTests.cs", "C#", 0, 190, 0, 0, 0, 0, 0, 0, 0, 0, 0, 0, 0, 9, 199
"c:\Users\Tautvydas\Desktop\Auction-master\Auction-master\Aukcionas\XUnitTests\DailycoServiceTests.cs", "C#", 0, 18, 0, 0, 0, 0, 0, 0, 0, 0, 0, 0, 0, 3, 21
"c:\Users\Tautvydas\Desktop\Auction-master\Auction-master\Aukcionas\XUnitTests\EmailBodyTests.cs", "C#", 0, 215, 0, 0, 0, 0, 0, 0, 0, 0, 0, 0, 0, 13, 228
"c:\Users\Tautvydas\Desktop\Auction-master\Auction-master\Aukcionas\XUnitTests\ExtensionsTests.cs", "C#", 0, 80, 0, 0, 0, 0, 0, 0, 0, 0, 0, 0, 0, 7, 87
"c:\Users\Tautvydas\Desktop\Auction-master\Auction-master\Aukcionas\XUnitTests\GetAuqReqTests.cs", "C#", 0, 73, 0, 0, 0, 0, 0, 0, 0, 0, 0, 0, 0, 7, 80
"c:\Users\Tautvydas\Desktop\Auction-master\Auction-master\Aukcionas\XUnitTests\GlobalUsings.cs", "C#", 0, 1, 0, 0, 0, 0, 0, 0, 0, 0, 0, 0, 0, 0, 1
"c:\Users\Tautvydas\Desktop\Auction-master\Auction-master\Aukcionas\XUnitTests\PaymentTests.cs", "C#", 0, 11, 0, 0, 0, 0, 0, 0, 0, 0, 0, 0, 0, 2, 13
"c:\Users\Tautvydas\Desktop\Auction-master\Auction-master\Aukcionas\XUnitTests\PaymentUtilsTest.cs", "C#", 0, 93, 0, 0, 0, 0, 0, 0, 0, 0, 0, 0, 0, 9, 102
"c:\Users\Tautvydas\Desktop\Auction-master\Auction-master\Aukcionas\XUnitTests\XUnitTests.csproj", "MSBuild", 31, 0, 0, 0, 0, 0, 0, 0, 0, 0, 0, 0, 0, 5, 36
"c:\Users\Tautvydas\Desktop\Auction-master\Auction-master\Aukcionas\XUnitTests\bin\Debug\net8.0\Aukcionas.deps.json", "JSON", 0, 0, 0, 0, 2677, 0, 0, 0, 0, 0, 0, 0, 0, 0, 2677
"c:\Users\Tautvydas\Desktop\Auction-master\Auction-master\Aukcionas\XUnitTests\bin\Debug\net8.0\Aukcionas.runtimeconfig.json", "JSON", 0, 0, 0, 0, 21, 0, 0, 0, 0, 0, 0, 0, 0, 0, 21
"c:\Users\Tautvydas\Desktop\Auction-master\Auction-master\Aukcionas\XUnitTests\bin\Debug\net8.0\MvcTestingAppManifest.json", "JSON", 0, 0, 0, 0, 3, 0, 0, 0, 0, 0, 0, 0, 0, 0, 3
"c:\Users\Tautvydas\Desktop\Auction-master\Auction-master\Aukcionas\XUnitTests\bin\Debug\net8.0\XUnitTests.deps.json", "JSON", 0, 0, 0, 0, 6840, 0, 0, 0, 0, 0, 0, 0, 0, 0, 6840
"c:\Users\Tautvydas\Desktop\Auction-master\Auction-master\Aukcionas\XUnitTests\bin\Debug\net8.0\XUnitTests.runtimeconfig.json", "JSON", 0, 0, 0, 0, 19, 0, 0, 0, 0, 0, 0, 0, 0, 0, 19
"c:\Users\Tautvydas\Desktop\Auction-master\Auction-master\Aukcionas\XUnitTests\bin\Debug\net8.0\appsettings.Development.json", "JSON", 0, 0, 0, 0, 14, 0, 0, 0, 0, 0, 0, 0, 0, 1, 15
"c:\Users\Tautvydas\Desktop\Auction-master\Auction-master\Aukcionas\XUnitTests\bin\Debug\net8.0\appsettings.json", "JSON", 0, 0, 0, 0, 36, 0, 0, 0, 0, 0, 0, 0, 0, 1, 37
"c:\Users\Tautvydas\Desktop\Auction-master\Auction-master\Aukcionas\XUnitTests\class.js", "JavaScript", 0, 0, 0, 0, 0, 0, 0, 169, 0, 0, 0, 0, 14, 35, 218
"c:\Users\Tautvydas\Desktop\Auction-master\Auction-master\Aukcionas\XUnitTests\coverage.opencover.xml", "XML", 0, 0, 0, 0, 0, 0, 5450, 0, 0, 0, 0, 0, 0, 0, 5450
"c:\Users\Tautvydas\Desktop\Auction-master\Auction-master\Aukcionas\XUnitTests\icon_cog.svg", "XML", 0, 0, 0, 0, 0, 0, 1, 0, 0, 0, 0, 0, 0, 0, 1
"c:\Users\Tautvydas\Desktop\Auction-master\Auction-master\Aukcionas\XUnitTests\icon_cog_dark.svg", "XML", 0, 0, 0, 0, 0, 0, 1, 0, 0, 0, 0, 0, 0, 0, 1
"c:\Users\Tautvydas\Desktop\Auction-master\Auction-master\Aukcionas\XUnitTests\icon_cube.svg", "XML", 0, 0, 0, 0, 0, 0, 2, 0, 0, 0, 0, 0, 0, 0, 2
"c:\Users\Tautvydas\Desktop\Auction-master\Auction-master\Aukcionas\XUnitTests\icon_cube_dark.svg", "XML", 0, 0, 0, 0, 0, 0, 1, 0, 0, 0, 0, 0, 0, 0, 1
"c:\Users\Tautvydas\Desktop\Auction-master\Auction-master\Aukcionas\XUnitTests\icon_down-dir_active.svg", "XML", 0, 0, 0, 0, 0, 0, 2, 0, 0, 0, 0, 0, 0, 0, 2
"c:\Users\Tautvydas\Desktop\Auction-master\Auction-master\Aukcionas\XUnitTests\icon_down-dir_active_dark.svg", "XML", 0, 0, 0, 0, 0, 0, 1, 0, 0, 0, 0, 0, 0, 0, 1
"c:\Users\Tautvydas\Desktop\Auction-master\Auction-master\Aukcionas\XUnitTests\icon_fork.svg", "XML", 0, 0, 0, 0, 0, 0, 2, 0, 0, 0, 0, 0, 0, 0, 2
"c:\Users\Tautvydas\Desktop\Auction-master\Auction-master\Aukcionas\XUnitTests\icon_fork_dark.svg", "XML", 0, 0, 0, 0, 0, 0, 1, 0, 0, 0, 0, 0, 0, 0, 1
"c:\Users\Tautvydas\Desktop\Auction-master\Auction-master\Aukcionas\XUnitTests\icon_info-circled.svg", "XML", 0, 0, 0, 0, 0, 0, 2, 0, 0, 0, 0, 0, 0, 0, 2
"c:\Users\Tautvydas\Desktop\Auction-master\Auction-master\Aukcionas\XUnitTests\icon_info-circled_dark.svg", "XML", 0, 0, 0, 0, 0, 0, 2, 0, 0, 0, 0, 0, 0, 0, 2
"c:\Users\Tautvydas\Desktop\Auction-master\Auction-master\Aukcionas\XUnitTests\icon_minus.svg", "XML", 0, 0, 0, 0, 0, 0, 2, 0, 0, 0, 0, 0, 0, 0, 2
"c:\Users\Tautvydas\Desktop\Auction-master\Auction-master\Aukcionas\XUnitTests\icon_minus_dark.svg", "XML", 0, 0, 0, 0, 0, 0, 1, 0, 0, 0, 0, 0, 0, 0, 1
"c:\Users\Tautvydas\Desktop\Auction-master\Auction-master\Aukcionas\XUnitTests\icon_plus.svg", "XML", 0, 0, 0, 0, 0, 0, 2, 0, 0, 0, 0, 0, 0, 0, 2
"c:\Users\Tautvydas\Desktop\Auction-master\Auction-master\Aukcionas\XUnitTests\icon_plus_dark.svg", "XML", 0, 0, 0, 0, 0, 0, 1, 0, 0, 0, 0, 0, 0, 0, 1
"c:\Users\Tautvydas\Desktop\Auction-master\Auction-master\Aukcionas\XUnitTests\icon_search-minus.svg", "XML", 0, 0, 0, 0, 0, 0, 2, 0, 0, 0, 0, 0, 0, 0, 2
"c:\Users\Tautvydas\Desktop\Auction-master\Auction-master\Aukcionas\XUnitTests\icon_search-minus_dark.svg", "XML", 0, 0, 0, 0, 0, 0, 1, 0, 0, 0, 0, 0, 0, 0, 1
"c:\Users\Tautvydas\Desktop\Auction-master\Auction-master\Aukcionas\XUnitTests\icon_search-plus.svg", "XML", 0, 0, 0, 0, 0, 0, 2, 0, 0, 0, 0, 0, 0, 0, 2
"c:\Users\Tautvydas\Desktop\Auction-master\Auction-master\Aukcionas\XUnitTests\icon_search-plus_dark.svg", "XML", 0, 0, 0, 0, 0, 0, 1, 0, 0, 0, 0, 0, 0, 0, 1
"c:\Users\Tautvydas\Desktop\Auction-master\Auction-master\Aukcionas\XUnitTests\icon_sponsor.svg", "XML", 0, 0, 0, 0, 0, 0, 2, 0, 0, 0, 0, 0, 0, 0, 2
"c:\Users\Tautvydas\Desktop\Auction-master\Auction-master\Aukcionas\XUnitTests\icon_star.svg", "XML", 0, 0, 0, 0, 0, 0, 2, 0, 0, 0, 0, 0, 0, 0, 2
"c:\Users\Tautvydas\Desktop\Auction-master\Auction-master\Aukcionas\XUnitTests\icon_star_dark.svg", "XML", 0, 0, 0, 0, 0, 0, 2, 0, 0, 0, 0, 0, 0, 0, 2
"c:\Users\Tautvydas\Desktop\Auction-master\Auction-master\Aukcionas\XUnitTests\icon_up-dir.svg", "XML", 0, 0, 0, 0, 0, 0, 2, 0, 0, 0, 0, 0, 0, 0, 2
"c:\Users\Tautvydas\Desktop\Auction-master\Auction-master\Aukcionas\XUnitTests\icon_up-dir_active.svg", "XML", 0, 0, 0, 0, 0, 0, 2, 0, 0, 0, 0, 0, 0, 0, 2
"c:\Users\Tautvydas\Desktop\Auction-master\Auction-master\Aukcionas\XUnitTests\icon_wrench.svg", "XML", 0, 0, 0, 0, 0, 0, 2, 0, 0, 0, 0, 0, 0, 0, 2
"c:\Users\Tautvydas\Desktop\Auction-master\Auction-master\Aukcionas\XUnitTests\icon_wrench_dark.svg", "XML", 0, 0, 0, 0, 0, 0, 1, 0, 0, 0, 0, 0, 0, 0, 1
"c:\Users\Tautvydas\Desktop\Auction-master\Auction-master\Aukcionas\XUnitTests\index.htm", "HTML", 0, 0, 0, 0, 0, 211, 0, 0, 0, 0, 0, 0, 0, 8, 219
"c:\Users\Tautvydas\Desktop\Auction-master\Auction-master\Aukcionas\XUnitTests\index.html", "HTML", 0, 0, 0, 0, 0, 211, 0, 0, 0, 0, 0, 0, 0, 8, 219
"c:\Users\Tautvydas\Desktop\Auction-master\Auction-master\Aukcionas\XUnitTests\main.js", "JavaScript", 0, 0, 0, 0, 0, 0, 0, 271, 0, 0, 0, 0, 14, 46, 331
"c:\Users\Tautvydas\Desktop\Auction-master\Auction-master\Aukcionas\XUnitTests\obj\Debug\net8.0\.NETCoreApp,Version=v8.0.AssemblyAttributes.cs", "C#", 0, 3, 0, 0, 0, 0, 0, 0, 0, 0, 0, 0, 1, 1, 5
"c:\Users\Tautvydas\Desktop\Auction-master\Auction-master\Aukcionas\XUnitTests\obj\Debug\net8.0\MvcTestingAppManifest.json", "JSON", 0, 0, 0, 0, 3, 0, 0, 0, 0, 0, 0, 0, 0, 0, 3
"c:\Users\Tautvydas\Desktop\Auction-master\Auction-master\Aukcionas\XUnitTests\obj\Debug\net8.0\XUnitTests.AssemblyInfo.cs", "C#", 0, 9, 0, 0, 0, 0, 0, 0, 0, 0, 0, 0, 10, 5, 24
"c:\Users\Tautvydas\Desktop\Auction-master\Auction-master\Aukcionas\XUnitTests\obj\Debug\net8.0\XUnitTests.GeneratedMSBuildEditorConfig.editorconfig", "EditorConfig", 0, 0, 0, 13, 0, 0, 0, 0, 0, 0, 0, 0, 0, 1, 14
"c:\Users\Tautvydas\Desktop\Auction-master\Auction-master\Aukcionas\XUnitTests\obj\Debug\net8.0\XUnitTests.GlobalUsings.g.cs", "C#", 0, 7, 0, 0, 0, 0, 0, 0, 0, 0, 0, 0, 1, 1, 9
"c:\Users\Tautvydas\Desktop\Auction-master\Auction-master\Aukcionas\XUnitTests\obj\XUnitTests.csproj.nuget.dgspec.json", "JSON", 0, 0, 0, 0, 255, 0, 0, 0, 0, 0, 0, 0, 0, 0, 255
"c:\Users\Tautvydas\Desktop\Auction-master\Auction-master\Aukcionas\XUnitTests\obj\XUnitTests.csproj.nuget.g.props", "MSBuild", 33, 0, 0, 0, 0, 0, 0, 0, 0, 0, 0, 0, 0, 0, 33
"c:\Users\Tautvydas\Desktop\Auction-master\Auction-master\Aukcionas\XUnitTests\obj\XUnitTests.csproj.nuget.g.targets", "MSBuild", 16, 0, 0, 0, 0, 0, 0, 0, 0, 0, 0, 0, 0, 0, 16
"c:\Users\Tautvydas\Desktop\Auction-master\Auction-master\Aukcionas\XUnitTests\obj\project.assets.json", "JSON", 0, 0, 0, 0, 8583, 0, 0, 0, 0, 0, 0, 0, 0, 0, 8583
"c:\Users\Tautvydas\Desktop\Auction-master\Auction-master\Aukcionas\XUnitTests\report.css", "CSS", 0, 0, 700, 0, 0, 0, 0, 0, 0, 0, 0, 0, 0, 85, 785
"Total", "-", -30, -19467, 700, -6, 8103, 40168, 5490, 440, -29, -3, -24, -14, -197, -5422, 29709